"Benchmark","Mode","Threads","Samples","Score","Score Error (99.9%)","Unit","Param: languageCaseName"
"org.egothor.stemmer.benchmark.EnglishStemmerComparisonBenchmark.luceneEnglishMinimalStemFilter","avgt",1,21,18665197.881115,716950.859710,"ns/op",
"org.egothor.stemmer.benchmark.EnglishStemmerComparisonBenchmark.luceneEnglishPossessiveFilter","avgt",1,21,16438987.741959,770642.365840,"ns/op",
"org.egothor.stemmer.benchmark.EnglishStemmerComparisonBenchmark.luceneKStemFilter","avgt",1,21,43402136.058548,1146260.370016,"ns/op",
"org.egothor.stemmer.benchmark.EnglishStemmerComparisonBenchmark.lucenePorterStemFilter","avgt",1,21,31412228.023055,750251.007345,"ns/op",
"org.egothor.stemmer.benchmark.EnglishStemmerComparisonBenchmark.lucenePorterStemmerCopied","avgt",1,21,16769658.776076,259503.263168,"ns/op",
"org.egothor.stemmer.benchmark.EnglishStemmerComparisonBenchmark.opennlpPorterStemmer","avgt",1,21,16887514.118158,246706.220741,"ns/op",
"org.egothor.stemmer.benchmark.EnglishStemmerComparisonBenchmark.paiceHuskLancaster","avgt",1,21,138157799.508503,3983128.839115,"ns/op",
"org.egothor.stemmer.benchmark.EnglishStemmerComparisonBenchmark.radixorUsUkProfiPreferredStem","avgt",1,21,16839708.555417,1732094.439819,"ns/op",
"org.egothor.stemmer.benchmark.EnglishStemmerComparisonBenchmark.snowballEnglishPorter2","avgt",1,21,46741982.335010,2723959.585130,"ns/op",
"org.egothor.stemmer.benchmark.EnglishStemmerComparisonBenchmark.snowballOriginalPorter","avgt",1,21,32841783.018855,2611667.594570,"ns/op",
"org.egothor.stemmer.benchmark.HunspellStemmerComparisonBenchmark.luceneHunspellStemFilter","avgt",1,21,72329152.475737,1052029.919689,"ns/op",ENGLISH
"org.egothor.stemmer.benchmark.HunspellStemmerComparisonBenchmark.luceneHunspellStemFilter","avgt",1,21,378763661.162698,38311867.224063,"ns/op",CZECH
"org.egothor.stemmer.benchmark.HunspellStemmerComparisonBenchmark.luceneHunspellStemFilter","avgt",1,21,276774801.813492,22203964.953303,"ns/op",GERMAN
"org.egothor.stemmer.benchmark.HunspellStemmerComparisonBenchmark.luceneHunspellStemFilter","avgt",1,21,1983490804.523809,40315013.897718,"ns/op",SPANISH
"org.egothor.stemmer.benchmark.HunspellStemmerComparisonBenchmark.luceneHunspellStemFilter","avgt",1,21,1699025747.142857,35807735.403470,"ns/op",FRENCH
"org.egothor.stemmer.benchmark.HunspellStemmerComparisonBenchmark.luceneHunspellStemFilter","avgt",1,21,26132635.863519,4061535.063813,"ns/op",DUTCH
"org.egothor.stemmer.benchmark.HunspellStemmerComparisonBenchmark.luceneHunspellStemFilter","avgt",1,21,537059924.492064,32707593.631743,"ns/op",POLISH
"org.egothor.stemmer.benchmark.HunspellStemmerComparisonBenchmark.luceneHunspellStemFilter","avgt",1,21,49515481.040031,6146553.647574,"ns/op",UKRAINIAN
"org.egothor.stemmer.benchmark.MultiLanguageStemmerComparisonBenchmark.czechLuceneCzechStemFilter","avgt",1,21,2957588.855589,50197.102049,"ns/op",
"org.egothor.stemmer.benchmark.MultiLanguageStemmerComparisonBenchmark.czechRadixor","avgt",1,21,3292020.251228,65001.818456,"ns/op",
"org.egothor.stemmer.benchmark.MultiLanguageStemmerComparisonBenchmark.finnishLuceneFinnishLightStemFilter","avgt",1,21,169322083.589569,7189820.232167,"ns/op",
"org.egothor.stemmer.benchmark.MultiLanguageStemmerComparisonBenchmark.finnishRadixor","avgt",1,21,261169309.750000,4729485.143257,"ns/op",
"org.egothor.stemmer.benchmark.MultiLanguageStemmerComparisonBenchmark.frenchLuceneFrenchLightStemFilter","avgt",1,21,28180289.269079,1108377.776218,"ns/op",
"org.egothor.stemmer.benchmark.MultiLanguageStemmerComparisonBenchmark.frenchLuceneFrenchMinimalStemFilter","avgt",1,21,17238690.969409,421532.027993,"ns/op",
"org.egothor.stemmer.benchmark.MultiLanguageStemmerComparisonBenchmark.frenchRadixor","avgt",1,21,42602785.399852,1018717.682948,"ns/op",
"org.egothor.stemmer.benchmark.MultiLanguageStemmerComparisonBenchmark.germanCistem","avgt",1,21,289326924.404762,8094286.640079,"ns/op",
"org.egothor.stemmer.benchmark.MultiLanguageStemmerComparisonBenchmark.germanLuceneGermanLightStemFilter","avgt",1,21,23477341.553796,264394.186354,"ns/op",
"org.egothor.stemmer.benchmark.MultiLanguageStemmerComparisonBenchmark.germanLuceneGermanMinimalStemFilter","avgt",1,21,22696877.078108,295019.599598,"ns/op",
"org.egothor.stemmer.benchmark.MultiLanguageStemmerComparisonBenchmark.germanLuceneGermanStemFilter","avgt",1,21,67524062.076786,851047.387180,"ns/op",
"org.egothor.stemmer.benchmark.MultiLanguageStemmerComparisonBenchmark.germanRadixor","avgt",1,21,36523151.725470,1173786.666433,"ns/op",
"org.egothor.stemmer.benchmark.MultiLanguageStemmerComparisonBenchmark.hebrewRadixor","avgt",1,21,4965664.486659,166721.211731,"ns/op",
"org.egothor.stemmer.benchmark.MultiLanguageStemmerComparisonBenchmark.hungarianLuceneHungarianLightStemFilter","avgt",1,21,88847911.783439,3854334.650471,"ns/op",
"org.egothor.stemmer.benchmark.MultiLanguageStemmerComparisonBenchmark.hungarianRadixor","avgt",1,21,55040361.264411,876765.453694,"ns/op",
"org.egothor.stemmer.benchmark.MultiLanguageStemmerComparisonBenchmark.italianLuceneItalianLightStemFilter","avgt",1,21,14961454.863731,200734.316874,"ns/op",
"org.egothor.stemmer.benchmark.MultiLanguageStemmerComparisonBenchmark.italianRadixor","avgt",1,21,23233652.984361,510759.491466,"ns/op",
"org.egothor.stemmer.benchmark.MultiLanguageStemmerComparisonBenchmark.norwegianBokmalLuceneNorwegianLightStemFilter","avgt",1,21,3260303.502793,93363.556041,"ns/op",
"org.egothor.stemmer.benchmark.MultiLanguageStemmerComparisonBenchmark.norwegianBokmalLuceneNorwegianMinimalStemFilter","avgt",1,21,2827956.560735,55314.405472,"ns/op",
"org.egothor.stemmer.benchmark.MultiLanguageStemmerComparisonBenchmark.norwegianBokmalRadixor","avgt",1,21,3315272.469646,66949.350297,"ns/op",
"org.egothor.stemmer.benchmark.MultiLanguageStemmerComparisonBenchmark.persianLucenePersianStemFilter","avgt",1,21,457803.280574,7958.152803,"ns/op",
"org.egothor.stemmer.benchmark.MultiLanguageStemmerComparisonBenchmark.persianRadixor","avgt",1,21,264985.635601,6329.093642,"ns/op",
"org.egothor.stemmer.benchmark.MultiLanguageStemmerComparisonBenchmark.polishLuceneMorfologikFilter","avgt",1,21,140091624.224490,1930710.507168,"ns/op",
"org.egothor.stemmer.benchmark.MultiLanguageStemmerComparisonBenchmark.polishLuceneStempelFilter","avgt",1,21,41041281.119199,656334.523030,"ns/op",
"org.egothor.stemmer.benchmark.MultiLanguageStemmerComparisonBenchmark.polishLuceneStempelStemmerDirect","avgt",1,21,33209414.435904,662180.437416,"ns/op",
"org.egothor.stemmer.benchmark.MultiLanguageStemmerComparisonBenchmark.polishRadixor","avgt",1,21,8469913.964942,176075.685684,"ns/op",
"org.egothor.stemmer.benchmark.MultiLanguageStemmerComparisonBenchmark.portugueseLucenePortugueseLightStemFilter","avgt",1,21,10557380.803843,210978.101195,"ns/op",
"org.egothor.stemmer.benchmark.MultiLanguageStemmerComparisonBenchmark.portugueseLucenePortugueseMinimalStemFilter","avgt",1,21,14744034.710123,203237.356139,"ns/op",
"org.egothor.stemmer.benchmark.MultiLanguageStemmerComparisonBenchmark.portugueseLucenePortugueseStemFilter","avgt",1,21,144378551.517007,3987545.179121,"ns/op",
"org.egothor.stemmer.benchmark.MultiLanguageStemmerComparisonBenchmark.portugueseRadixor","avgt",1,21,11443757.550087,204345.501020,"ns/op",
"org.egothor.stemmer.benchmark.MultiLanguageStemmerComparisonBenchmark.russianLuceneRussianLightStemFilter","avgt",1,21,57501842.481183,2357925.747833,"ns/op",
"org.egothor.stemmer.benchmark.MultiLanguageStemmerComparisonBenchmark.russianRadixor","avgt",1,21,78162151.765044,2239971.495309,"ns/op",
"org.egothor.stemmer.benchmark.MultiLanguageStemmerComparisonBenchmark.spanishLuceneSpanishLightStemFilter","avgt",1,21,42393824.934890,1767681.474015,"ns/op",
"org.egothor.stemmer.benchmark.MultiLanguageStemmerComparisonBenchmark.spanishLuceneSpanishMinimalStemFilter","avgt",1,21,39666989.663926,1296275.929424,"ns/op",
"org.egothor.stemmer.benchmark.MultiLanguageStemmerComparisonBenchmark.spanishLuceneSpanishPluralStemFilter","avgt",1,21,93091611.611977,4239840.158914,"ns/op",
"org.egothor.stemmer.benchmark.MultiLanguageStemmerComparisonBenchmark.spanishRadixor","avgt",1,21,70806640.708844,1532712.275540,"ns/op",
"org.egothor.stemmer.benchmark.MultiLanguageStemmerComparisonBenchmark.swedishLuceneSwedishLightStemFilter","avgt",1,21,4682232.161357,92467.349810,"ns/op",
"org.egothor.stemmer.benchmark.MultiLanguageStemmerComparisonBenchmark.swedishLuceneSwedishMinimalStemFilter","avgt",1,21,4504172.040306,64887.457950,"ns/op",
"org.egothor.stemmer.benchmark.MultiLanguageStemmerComparisonBenchmark.swedishRadixor","avgt",1,21,5232294.937618,112119.558533,"ns/op",
"org.egothor.stemmer.benchmark.MultiLanguageStemmerComparisonBenchmark.ukrainianLuceneMorfologikFilter","avgt",1,21,14580177.584619,205539.635555,"ns/op",
"org.egothor.stemmer.benchmark.MultiLanguageStemmerComparisonBenchmark.ukrainianMorfologikDirect","avgt",1,21,8299496.943180,124198.550482,"ns/op",
"org.egothor.stemmer.benchmark.MultiLanguageStemmerComparisonBenchmark.ukrainianRadixor","avgt",1,21,625217.610076,17419.052516,"ns/op",
"org.egothor.stemmer.benchmark.SnowballLanguageStemmerComparisonBenchmark.luceneSnowballFilter","avgt",1,21,3013210.167456,332428.209221,"ns/op",DANISH
"org.egothor.stemmer.benchmark.SnowballLanguageStemmerComparisonBenchmark.luceneSnowballFilter","avgt",1,21,7270257.187951,289562.744477,"ns/op",DUTCH
"org.egothor.stemmer.benchmark.SnowballLanguageStemmerComparisonBenchmark.luceneSnowballFilter","avgt",1,21,322749587.107143,12740233.058829,"ns/op",FINNISH
"org.egothor.stemmer.benchmark.SnowballLanguageStemmerComparisonBenchmark.luceneSnowballFilter","avgt",1,21,124104363.578968,5293950.487995,"ns/op",FRENCH
"org.egothor.stemmer.benchmark.SnowballLanguageStemmerComparisonBenchmark.luceneSnowballFilter","avgt",1,21,104691178.246320,3040942.565387,"ns/op",GERMAN
"org.egothor.stemmer.benchmark.SnowballLanguageStemmerComparisonBenchmark.luceneSnowballFilter","avgt",1,21,186896226.960317,11343912.589726,"ns/op",HUNGARIAN
"org.egothor.stemmer.benchmark.SnowballLanguageStemmerComparisonBenchmark.luceneSnowballFilter","avgt",1,21,115936687.868783,4929242.441083,"ns/op",ITALIAN
"org.egothor.stemmer.benchmark.SnowballLanguageStemmerComparisonBenchmark.luceneSnowballFilter","avgt",1,21,5856051.010295,384372.241244,"ns/op",NORWEGIAN_BOKMAL
"org.egothor.stemmer.benchmark.SnowballLanguageStemmerComparisonBenchmark.luceneSnowballFilter","avgt",1,21,1306436.292511,146452.662343,"ns/op",NORWEGIAN_NYNORSK
"org.egothor.stemmer.benchmark.SnowballLanguageStemmerComparisonBenchmark.luceneSnowballFilter","avgt",1,21,62552621.575708,1665962.044382,"ns/op",PORTUGUESE
"org.egothor.stemmer.benchmark.SnowballLanguageStemmerComparisonBenchmark.luceneSnowballFilter","avgt",1,21,133099670.644558,6117296.269997,"ns/op",RUSSIAN
"org.egothor.stemmer.benchmark.SnowballLanguageStemmerComparisonBenchmark.luceneSnowballFilter","avgt",1,21,201614118.396825,17917149.793049,"ns/op",SPANISH
"org.egothor.stemmer.benchmark.SnowballLanguageStemmerComparisonBenchmark.luceneSnowballFilter","avgt",1,21,10295931.096546,977349.733040,"ns/op",SWEDISH
"org.egothor.stemmer.benchmark.SnowballLanguageStemmerComparisonBenchmark.luceneSnowballFilter","avgt",1,21,1744034.664386,94372.375558,"ns/op",YIDDISH
"org.egothor.stemmer.benchmark.SnowballLanguageStemmerComparisonBenchmark.radixor","avgt",1,21,1146242.425815,170935.199105,"ns/op",DANISH
"org.egothor.stemmer.benchmark.SnowballLanguageStemmerComparisonBenchmark.radixor","avgt",1,21,1394846.246035,185157.097464,"ns/op",DUTCH
"org.egothor.stemmer.benchmark.SnowballLanguageStemmerComparisonBenchmark.radixor","avgt",1,21,265537442.761905,8593299.549464,"ns/op",FINNISH
"org.egothor.stemmer.benchmark.SnowballLanguageStemmerComparisonBenchmark.radixor","avgt",1,21,46539888.097265,4721722.353182,"ns/op",FRENCH
"org.egothor.stemmer.benchmark.SnowballLanguageStemmerComparisonBenchmark.radixor","avgt",1,21,43939818.578408,581944.130662,"ns/op",GERMAN
"org.egothor.stemmer.benchmark.SnowballLanguageStemmerComparisonBenchmark.radixor","avgt",1,21,54264256.749607,2976156.464571,"ns/op",HUNGARIAN
"org.egothor.stemmer.benchmark.SnowballLanguageStemmerComparisonBenchmark.radixor","avgt",1,21,22799696.966919,869757.145146,"ns/op",ITALIAN
"org.egothor.stemmer.benchmark.SnowballLanguageStemmerComparisonBenchmark.radixor","avgt",1,21,3352034.155514,405772.315872,"ns/op",NORWEGIAN_BOKMAL
"org.egothor.stemmer.benchmark.SnowballLanguageStemmerComparisonBenchmark.radixor","avgt",1,21,596371.508063,83067.911052,"ns/op",NORWEGIAN_NYNORSK
"org.egothor.stemmer.benchmark.SnowballLanguageStemmerComparisonBenchmark.radixor","avgt",1,21,10651119.666707,264350.038667,"ns/op",PORTUGUESE
"org.egothor.stemmer.benchmark.SnowballLanguageStemmerComparisonBenchmark.radixor","avgt",1,21,80976028.995806,3251910.155982,"ns/op",RUSSIAN
"org.egothor.stemmer.benchmark.SnowballLanguageStemmerComparisonBenchmark.radixor","avgt",1,21,69706492.116350,5794094.915890,"ns/op",SPANISH
"org.egothor.stemmer.benchmark.SnowballLanguageStemmerComparisonBenchmark.radixor","avgt",1,21,5332988.648416,693541.360117,"ns/op",SWEDISH
"org.egothor.stemmer.benchmark.SnowballLanguageStemmerComparisonBenchmark.radixor","avgt",1,21,213863.616409,1689.477467,"ns/op",YIDDISH
"org.egothor.stemmer.benchmark.SnowballLanguageStemmerComparisonBenchmark.snowballDirect","avgt",1,21,4056784.959020,515830.318583,"ns/op",CZECH
"org.egothor.stemmer.benchmark.SnowballLanguageStemmerComparisonBenchmark.snowballDirect","avgt",1,21,2616611.983299,255031.248754,"ns/op",DANISH
"org.egothor.stemmer.benchmark.SnowballLanguageStemmerComparisonBenchmark.snowballDirect","avgt",1,21,4298776.559311,273776.391708,"ns/op",DUTCH
"org.egothor.stemmer.benchmark.SnowballLanguageStemmerComparisonBenchmark.snowballDirect","avgt",1,21,263093993.342857,24235595.170135,"ns/op",FINNISH
"org.egothor.stemmer.benchmark.SnowballLanguageStemmerComparisonBenchmark.snowballDirect","avgt",1,21,110345395.117989,5041220.006489,"ns/op",FRENCH
"org.egothor.stemmer.benchmark.SnowballLanguageStemmerComparisonBenchmark.snowballDirect","avgt",1,21,95094073.841919,3149259.607009,"ns/op",GERMAN
"org.egothor.stemmer.benchmark.SnowballLanguageStemmerComparisonBenchmark.snowballDirect","avgt",1,21,167949412.175737,9810937.625308,"ns/op",HUNGARIAN
"org.egothor.stemmer.benchmark.SnowballLanguageStemmerComparisonBenchmark.snowballDirect","avgt",1,21,110442616.244974,3741383.558272,"ns/op",ITALIAN
"org.egothor.stemmer.benchmark.SnowballLanguageStemmerComparisonBenchmark.snowballDirect","avgt",1,21,4902975.885360,591779.666857,"ns/op",NORWEGIAN_BOKMAL
"org.egothor.stemmer.benchmark.SnowballLanguageStemmerComparisonBenchmark.snowballDirect","avgt",1,21,1130305.885739,141873.713781,"ns/op",NORWEGIAN_NYNORSK
"org.egothor.stemmer.benchmark.SnowballLanguageStemmerComparisonBenchmark.snowballDirect","avgt",1,21,1530889.245538,73465.349784,"ns/op",PERSIAN
"org.egothor.stemmer.benchmark.SnowballLanguageStemmerComparisonBenchmark.snowballDirect","avgt",1,21,10168209.555354,1441513.999689,"ns/op",POLISH
"org.egothor.stemmer.benchmark.SnowballLanguageStemmerComparisonBenchmark.snowballDirect","avgt",1,21,51852091.053960,2250088.565130,"ns/op",PORTUGUESE
"org.egothor.stemmer.benchmark.SnowballLanguageStemmerComparisonBenchmark.snowballDirect","avgt",1,21,107685091.207792,11649141.822569,"ns/op",RUSSIAN
"org.egothor.stemmer.benchmark.SnowballLanguageStemmerComparisonBenchmark.snowballDirect","avgt",1,21,180796701.258503,8286531.272191,"ns/op",SPANISH
"org.egothor.stemmer.benchmark.SnowballLanguageStemmerComparisonBenchmark.snowballDirect","avgt",1,21,8027145.989510,979309.997544,"ns/op",SWEDISH
"org.egothor.stemmer.benchmark.SnowballLanguageStemmerComparisonBenchmark.snowballDirect","avgt",1,21,1506454.138844,73523.848591,"ns/op",YIDDISH
