Language,Model ID,Model version,Model SHA-256,Dictionary rows,Distinct usable forms,Total tokens,Already-root tokens,Changed tokens,Speed timing workload,Speed timing tokens,All exact matches,Changed exact matches,Root preserved matches,Command class,Command count
CY_GB,cy-gb-default,1.0.0,394475eedc3c0fe26d395d06821efa2e8ff0c2ea4b5c63b72bbe3c8a4efd3d5d,183,6240,6425,366,6059,changed tokens,6059,6423,6057,366,AppendCharacterCommand,56
CY_GB,cy-gb-default,1.0.0,394475eedc3c0fe26d395d06821efa2e8ff0c2ea4b5c63b72bbe3c8a4efd3d5d,183,6240,6425,366,6059,changed tokens,6059,6423,6057,366,BackwardCompoundCommand,4278
CY_GB,cy-gb-default,1.0.0,394475eedc3c0fe26d395d06821efa2e8ff0c2ea4b5c63b72bbe3c8a4efd3d5d,183,6240,6425,366,6059,changed tokens,6059,6423,6057,366,DeleteSuffixCommand,1406
CY_GB,cy-gb-default,1.0.0,394475eedc3c0fe26d395d06821efa2e8ff0c2ea4b5c63b72bbe3c8a4efd3d5d,183,6240,6425,366,6059,changed tokens,6059,6423,6057,366,PreserveCommand,366
CY_GB,cy-gb-default,1.0.0,394475eedc3c0fe26d395d06821efa2e8ff0c2ea4b5c63b72bbe3c8a4efd3d5d,183,6240,6425,366,6059,changed tokens,6059,6423,6057,366,ReplaceLastCharacterCommand,319
EUS,eus-default,1.0.0,29ea20d68e085f9403c32330259f02599f6c510f47db0475f1e3ea73a276a98b,26,10401,11535,52,11483,changed tokens,11483,10427,10375,52,BackwardCompoundCommand,11445
EUS,eus-default,1.0.0,29ea20d68e085f9403c32330259f02599f6c510f47db0475f1e3ea73a276a98b,26,10401,11535,52,11483,changed tokens,11483,10427,10375,52,DeleteSuffixCommand,30
EUS,eus-default,1.0.0,29ea20d68e085f9403c32330259f02599f6c510f47db0475f1e3ea73a276a98b,26,10401,11535,52,11483,changed tokens,11483,10427,10375,52,PreserveCommand,52
EUS,eus-default,1.0.0,29ea20d68e085f9403c32330259f02599f6c510f47db0475f1e3ea73a276a98b,26,10401,11535,52,11483,changed tokens,11483,10427,10375,52,ReplaceLastCharacterCommand,8
FY_NL,fy-nl-default,1.0.0,24dbc346fc258d7315048b02d24e8cc3675739e6563613695dac3c548fcfab68,85,696,784,170,614,changed tokens,5000,781,611,170,AppendCharacterCommand,26
FY_NL,fy-nl-default,1.0.0,24dbc346fc258d7315048b02d24e8cc3675739e6563613695dac3c548fcfab68,85,696,784,170,614,changed tokens,5000,781,611,170,BackwardCompoundCommand,421
FY_NL,fy-nl-default,1.0.0,24dbc346fc258d7315048b02d24e8cc3675739e6563613695dac3c548fcfab68,85,696,784,170,614,changed tokens,5000,781,611,170,DeleteSuffixCommand,140
FY_NL,fy-nl-default,1.0.0,24dbc346fc258d7315048b02d24e8cc3675739e6563613695dac3c548fcfab68,85,696,784,170,614,changed tokens,5000,781,611,170,PreserveCommand,170
FY_NL,fy-nl-default,1.0.0,24dbc346fc258d7315048b02d24e8cc3675739e6563613695dac3c548fcfab68,85,696,784,170,614,changed tokens,5000,781,611,170,ReplaceLastCharacterCommand,27
GD_GB,gd-gb-default,1.0.0,089c9cb590ef564fee033fcaa59c50b7317aaed5e55ebd5493679a60b6458c33,70,265,335,140,195,changed tokens,5000,335,195,140,BackwardCompoundCommand,132
GD_GB,gd-gb-default,1.0.0,089c9cb590ef564fee033fcaa59c50b7317aaed5e55ebd5493679a60b6458c33,70,265,335,140,195,changed tokens,5000,335,195,140,DeleteSuffixCommand,63
GD_GB,gd-gb-default,1.0.0,089c9cb590ef564fee033fcaa59c50b7317aaed5e55ebd5493679a60b6458c33,70,265,335,140,195,changed tokens,5000,335,195,140,PreserveCommand,140
HSB,hsb-default,1.0.0,dd085232541899920df2acfcb11ef8fd914fea6894351f08a1e99f8fb84c3950,343,662,1006,686,320,changed tokens,5000,1005,319,686,AppendCharacterCommand,11
HSB,hsb-default,1.0.0,dd085232541899920df2acfcb11ef8fd914fea6894351f08a1e99f8fb84c3950,343,662,1006,686,320,changed tokens,5000,1005,319,686,BackwardCompoundCommand,140
HSB,hsb-default,1.0.0,dd085232541899920df2acfcb11ef8fd914fea6894351f08a1e99f8fb84c3950,343,662,1006,686,320,changed tokens,5000,1005,319,686,DeleteSuffixCommand,106
HSB,hsb-default,1.0.0,dd085232541899920df2acfcb11ef8fd914fea6894351f08a1e99f8fb84c3950,343,662,1006,686,320,changed tokens,5000,1005,319,686,PreserveCommand,687
HSB,hsb-default,1.0.0,dd085232541899920df2acfcb11ef8fd914fea6894351f08a1e99f8fb84c3950,343,662,1006,686,320,changed tokens,5000,1005,319,686,ReplaceLastCharacterCommand,62
KA_GE,ka-ge-default,1.0.0,f8205f3c31e3dc6a0f908b3839956c72688ae04b672ed75ba9083e4280b99c3b,3847,75914,79967,7694,72273,changed tokens,72273,79759,72069,7690,AppendCharacterCommand,65
KA_GE,ka-ge-default,1.0.0,f8205f3c31e3dc6a0f908b3839956c72688ae04b672ed75ba9083e4280b99c3b,3847,75914,79967,7694,72273,changed tokens,72273,79759,72069,7690,BackwardCompoundCommand,51834
KA_GE,ka-ge-default,1.0.0,f8205f3c31e3dc6a0f908b3839956c72688ae04b672ed75ba9083e4280b99c3b,3847,75914,79967,7694,72273,changed tokens,72273,79759,72069,7690,DeleteSuffixCommand,14977
KA_GE,ka-ge-default,1.0.0,f8205f3c31e3dc6a0f908b3839956c72688ae04b672ed75ba9083e4280b99c3b,3847,75914,79967,7694,72273,changed tokens,72273,79759,72069,7690,PreserveCommand,7699
KA_GE,ka-ge-default,1.0.0,f8205f3c31e3dc6a0f908b3839956c72688ae04b672ed75ba9083e4280b99c3b,3847,75914,79967,7694,72273,changed tokens,72273,79759,72069,7690,ReplaceLastCharacterCommand,5392
KCA,kca-default,1.0.0,22be165f4e2d9805a8db4b84ca943fe66eb6e1c3dbf390bd8f135a03678107e9,661,2175,2859,1322,1537,changed tokens,5000,2826,1524,1302,AppendCharacterCommand,2
KCA,kca-default,1.0.0,22be165f4e2d9805a8db4b84ca943fe66eb6e1c3dbf390bd8f135a03678107e9,661,2175,2859,1322,1537,changed tokens,5000,2826,1524,1302,BackwardCompoundCommand,986
KCA,kca-default,1.0.0,22be165f4e2d9805a8db4b84ca943fe66eb6e1c3dbf390bd8f135a03678107e9,661,2175,2859,1322,1537,changed tokens,5000,2826,1524,1302,DeleteSuffixCommand,557
KCA,kca-default,1.0.0,22be165f4e2d9805a8db4b84ca943fe66eb6e1c3dbf390bd8f135a03678107e9,661,2175,2859,1322,1537,changed tokens,5000,2826,1524,1302,PreserveCommand,1306
KCA,kca-default,1.0.0,22be165f4e2d9805a8db4b84ca943fe66eb6e1c3dbf390bd8f135a03678107e9,661,2175,2859,1322,1537,changed tokens,5000,2826,1524,1302,ReplaceLastCharacterCommand,8
KET,ket-default,1.0.0,4916e12863d306cbda2240606bd667e77d1c0d96bb8a3981c1d72a7d565887eb,519,1100,1622,1038,584,changed tokens,5000,1618,582,1036,AppendCharacterCommand,12
KET,ket-default,1.0.0,4916e12863d306cbda2240606bd667e77d1c0d96bb8a3981c1d72a7d565887eb,519,1100,1622,1038,584,changed tokens,5000,1618,582,1036,BackwardCompoundCommand,322
KET,ket-default,1.0.0,4916e12863d306cbda2240606bd667e77d1c0d96bb8a3981c1d72a7d565887eb,519,1100,1622,1038,584,changed tokens,5000,1618,582,1036,DeleteSuffixCommand,233
KET,ket-default,1.0.0,4916e12863d306cbda2240606bd667e77d1c0d96bb8a3981c1d72a7d565887eb,519,1100,1622,1038,584,changed tokens,5000,1618,582,1036,PreserveCommand,1038
KET,ket-default,1.0.0,4916e12863d306cbda2240606bd667e77d1c0d96bb8a3981c1d72a7d565887eb,519,1100,1622,1038,584,changed tokens,5000,1618,582,1036,ReplaceLastCharacterCommand,17
KMR,kmr-default,1.0.0,147729f9f3eb36dd1eaf35095cc57086e0aebf42ad4780aaf80034a5c0492948,13981,191104,206245,27962,178283,changed tokens,178283,204300,177908,26392,AppendCharacterCommand,210
KMR,kmr-default,1.0.0,147729f9f3eb36dd1eaf35095cc57086e0aebf42ad4780aaf80034a5c0492948,13981,191104,206245,27962,178283,changed tokens,178283,204300,177908,26392,BackwardCompoundCommand,22874
KMR,kmr-default,1.0.0,147729f9f3eb36dd1eaf35095cc57086e0aebf42ad4780aaf80034a5c0492948,13981,191104,206245,27962,178283,changed tokens,178283,204300,177908,26392,DeleteSuffixCommand,156389
KMR,kmr-default,1.0.0,147729f9f3eb36dd1eaf35095cc57086e0aebf42ad4780aaf80034a5c0492948,13981,191104,206245,27962,178283,changed tokens,178283,204300,177908,26392,PreserveCommand,26418
KMR,kmr-default,1.0.0,147729f9f3eb36dd1eaf35095cc57086e0aebf42ad4780aaf80034a5c0492948,13981,191104,206245,27962,178283,changed tokens,178283,204300,177908,26392,ReplaceLastCharacterCommand,354
KO_KR,ko-kr-default,1.0.0,bbcb468402ee54327dfd2101df5ef90869db06fe0543d85c1f62ac4d3beba155,2672,192673,196302,5344,190958,changed tokens,190958,195344,190002,5342,AppendCharacterCommand,247
KO_KR,ko-kr-default,1.0.0,bbcb468402ee54327dfd2101df5ef90869db06fe0543d85c1f62ac4d3beba155,2672,192673,196302,5344,190958,changed tokens,190958,195344,190002,5342,BackwardCompoundCommand,166837
KO_KR,ko-kr-default,1.0.0,bbcb468402ee54327dfd2101df5ef90869db06fe0543d85c1f62ac4d3beba155,2672,192673,196302,5344,190958,changed tokens,190958,195344,190002,5342,DeleteSuffixCommand,6
KO_KR,ko-kr-default,1.0.0,bbcb468402ee54327dfd2101df5ef90869db06fe0543d85c1f62ac4d3beba155,2672,192673,196302,5344,190958,changed tokens,190958,195344,190002,5342,PreserveCommand,5346
KO_KR,ko-kr-default,1.0.0,bbcb468402ee54327dfd2101df5ef90869db06fe0543d85c1f62ac4d3beba155,2672,192673,196302,5344,190958,changed tokens,190958,195344,190002,5342,ReplaceLastCharacterCommand,23866
OCI,oci-default,1.0.0,7c5dcd14b47020d7676a1fc634a1d9f38a06728d69407386d8864cd909046c3c,174,7465,7784,348,7436,changed tokens,7436,7639,7291,348,AppendCharacterCommand,133
OCI,oci-default,1.0.0,7c5dcd14b47020d7676a1fc634a1d9f38a06728d69407386d8864cd909046c3c,174,7465,7784,348,7436,changed tokens,7436,7639,7291,348,BackwardCompoundCommand,4898
OCI,oci-default,1.0.0,7c5dcd14b47020d7676a1fc634a1d9f38a06728d69407386d8864cd909046c3c,174,7465,7784,348,7436,changed tokens,7436,7639,7291,348,DeleteSuffixCommand,1842
OCI,oci-default,1.0.0,7c5dcd14b47020d7676a1fc634a1d9f38a06728d69407386d8864cd909046c3c,174,7465,7784,348,7436,changed tokens,7436,7639,7291,348,PreserveCommand,349
OCI,oci-default,1.0.0,7c5dcd14b47020d7676a1fc634a1d9f38a06728d69407386d8864cd909046c3c,174,7465,7784,348,7436,changed tokens,7436,7639,7291,348,ReplaceLastCharacterCommand,562
OM_ET,om-et-default,1.0.0,df01f908af60ba4a63933a91845d1241a37d366467026bd826ebec08689406bb,84,656,740,168,572,changed tokens,5000,740,572,168,BackwardCompoundCommand,2
OM_ET,om-et-default,1.0.0,df01f908af60ba4a63933a91845d1241a37d366467026bd826ebec08689406bb,84,656,740,168,572,changed tokens,5000,740,572,168,DeleteSuffixCommand,570
OM_ET,om-et-default,1.0.0,df01f908af60ba4a63933a91845d1241a37d366467026bd826ebec08689406bb,84,656,740,168,572,changed tokens,5000,740,572,168,PreserveCommand,168
SAH,sah-default,1.0.0,c5b361c9e1df64d60813c96cbea4d228d97fbc76e71bbaccb87609a13e6b67e8,5622,526431,534266,11244,523022,changed tokens,523022,531824,521038,10786,AppendCharacterCommand,4
SAH,sah-default,1.0.0,c5b361c9e1df64d60813c96cbea4d228d97fbc76e71bbaccb87609a13e6b67e8,5622,526431,534266,11244,523022,changed tokens,523022,531824,521038,10786,BackwardCompoundCommand,56855
SAH,sah-default,1.0.0,c5b361c9e1df64d60813c96cbea4d228d97fbc76e71bbaccb87609a13e6b67e8,5622,526431,534266,11244,523022,changed tokens,523022,531824,521038,10786,DeleteSuffixCommand,466523
SAH,sah-default,1.0.0,c5b361c9e1df64d60813c96cbea4d228d97fbc76e71bbaccb87609a13e6b67e8,5622,526431,534266,11244,523022,changed tokens,523022,531824,521038,10786,PreserveCommand,10839
SAH,sah-default,1.0.0,c5b361c9e1df64d60813c96cbea4d228d97fbc76e71bbaccb87609a13e6b67e8,5622,526431,534266,11244,523022,changed tokens,523022,531824,521038,10786,ReplaceLastCharacterCommand,45
SAN,san-default,1.0.0,bf94e3c36639ce16b0c11a6e9ab62baebc8acea18d14926a597585cbb179e708,54,55,109,108,1,changed tokens,5000,109,1,108,AppendCharacterCommand,1
SAN,san-default,1.0.0,bf94e3c36639ce16b0c11a6e9ab62baebc8acea18d14926a597585cbb179e708,54,55,109,108,1,changed tokens,5000,109,1,108,PreserveCommand,108
SL_SI,sl-si-default,1.0.0,b59e7199dce258b404729e4d708172c535733cfae430a26f1c4faa3d25dc323e,2531,25100,27734,5062,22672,changed tokens,22672,27631,22569,5062,AppendCharacterCommand,4
SL_SI,sl-si-default,1.0.0,b59e7199dce258b404729e4d708172c535733cfae430a26f1c4faa3d25dc323e,2531,25100,27734,5062,22672,changed tokens,22672,27631,22569,5062,BackwardCompoundCommand,22226
SL_SI,sl-si-default,1.0.0,b59e7199dce258b404729e4d708172c535733cfae430a26f1c4faa3d25dc323e,2531,25100,27734,5062,22672,changed tokens,22672,27631,22569,5062,DeleteSuffixCommand,412
SL_SI,sl-si-default,1.0.0,b59e7199dce258b404729e4d708172c535733cfae430a26f1c4faa3d25dc323e,2531,25100,27734,5062,22672,changed tokens,22672,27631,22569,5062,PreserveCommand,5062
SL_SI,sl-si-default,1.0.0,b59e7199dce258b404729e4d708172c535733cfae430a26f1c4faa3d25dc323e,2531,25100,27734,5062,22672,changed tokens,22672,27631,22569,5062,ReplaceLastCharacterCommand,30
SLP,slp-default,1.0.0,fb4cc41d286579f2c0992e282bbfa7e0ccc251526119cf51ad752f363ac352be,21,41,62,42,20,changed tokens,5000,62,20,42,BackwardCompoundCommand,20
SLP,slp-default,1.0.0,fb4cc41d286579f2c0992e282bbfa7e0ccc251526119cf51ad752f363ac352be,21,41,62,42,20,changed tokens,5000,62,20,42,PreserveCommand,42
TAT,tat-default,1.0.0,1617b08152da422aa295ef7f990e9e30ec8834eeeb9555cba805d96142462779,1258,7483,8745,2516,6229,changed tokens,6229,8740,6226,2514,BackwardCompoundCommand,241
TAT,tat-default,1.0.0,1617b08152da422aa295ef7f990e9e30ec8834eeeb9555cba805d96142462779,1258,7483,8745,2516,6229,changed tokens,6229,8740,6226,2514,DeleteSuffixCommand,5987
TAT,tat-default,1.0.0,1617b08152da422aa295ef7f990e9e30ec8834eeeb9555cba805d96142462779,1258,7483,8745,2516,6229,changed tokens,6229,8740,6226,2514,PreserveCommand,2517
TG_TJ,tg-tj-default,1.0.0,4809cdc83d745d0db145d74c6654e4732b83bf70e32df3a208aac22a0db4d6b1,75,78,153,150,3,changed tokens,5000,153,3,150,BackwardCompoundCommand,1
TG_TJ,tg-tj-default,1.0.0,4809cdc83d745d0db145d74c6654e4732b83bf70e32df3a208aac22a0db4d6b1,75,78,153,150,3,changed tokens,5000,153,3,150,DeleteSuffixCommand,2
TG_TJ,tg-tj-default,1.0.0,4809cdc83d745d0db145d74c6654e4732b83bf70e32df3a208aac22a0db4d6b1,75,78,153,150,3,changed tokens,5000,153,3,150,PreserveCommand,150
TK_TM,tk-tm-default,1.0.0,3821730499cd42fa7974c907d08377763e1cc1a6f85784b638d22f87124317e2,68,804,872,136,736,changed tokens,5000,872,736,136,BackwardCompoundCommand,57
TK_TM,tk-tm-default,1.0.0,3821730499cd42fa7974c907d08377763e1cc1a6f85784b638d22f87124317e2,68,804,872,136,736,changed tokens,5000,872,736,136,DeleteSuffixCommand,676
TK_TM,tk-tm-default,1.0.0,3821730499cd42fa7974c907d08377763e1cc1a6f85784b638d22f87124317e2,68,804,872,136,736,changed tokens,5000,872,736,136,PreserveCommand,136
TK_TM,tk-tm-default,1.0.0,3821730499cd42fa7974c907d08377763e1cc1a6f85784b638d22f87124317e2,68,804,872,136,736,changed tokens,5000,872,736,136,ReplaceLastCharacterCommand,3
TYV,tyv-default,1.0.0,7b4189ea74cbc151a0dfa22c01dd30b105a53f9f1be561033184df0d5fecd7b6,5032,491421,499024,10064,488960,changed tokens,488960,496307,486535,9772,AppendCharacterCommand,1
TYV,tyv-default,1.0.0,7b4189ea74cbc151a0dfa22c01dd30b105a53f9f1be561033184df0d5fecd7b6,5032,491421,499024,10064,488960,changed tokens,488960,496307,486535,9772,BackwardCompoundCommand,45265
TYV,tyv-default,1.0.0,7b4189ea74cbc151a0dfa22c01dd30b105a53f9f1be561033184df0d5fecd7b6,5032,491421,499024,10064,488960,changed tokens,488960,496307,486535,9772,DeleteSuffixCommand,443520
TYV,tyv-default,1.0.0,7b4189ea74cbc151a0dfa22c01dd30b105a53f9f1be561033184df0d5fecd7b6,5032,491421,499024,10064,488960,changed tokens,488960,496307,486535,9772,PreserveCommand,9839
TYV,tyv-default,1.0.0,7b4189ea74cbc151a0dfa22c01dd30b105a53f9f1be561033184df0d5fecd7b6,5032,491421,499024,10064,488960,changed tokens,488960,496307,486535,9772,ReplaceLastCharacterCommand,399
UR_PK,ur-pk-default,1.0.0,588e4e2644f121073adc8a62f8f5c14e9fcaa5e57ed29ada787596c0248eb426,162,881,1047,324,723,changed tokens,5000,1043,719,324,BackwardCompoundCommand,384
UR_PK,ur-pk-default,1.0.0,588e4e2644f121073adc8a62f8f5c14e9fcaa5e57ed29ada787596c0248eb426,162,881,1047,324,723,changed tokens,5000,1043,719,324,DeleteSuffixCommand,252
UR_PK,ur-pk-default,1.0.0,588e4e2644f121073adc8a62f8f5c14e9fcaa5e57ed29ada787596c0248eb426,162,881,1047,324,723,changed tokens,5000,1043,719,324,PreserveCommand,325
UR_PK,ur-pk-default,1.0.0,588e4e2644f121073adc8a62f8f5c14e9fcaa5e57ed29ada787596c0248eb426,162,881,1047,324,723,changed tokens,5000,1043,719,324,ReplaceLastCharacterCommand,86
VEC,vec-default,1.0.0,29d9dee4846c6fee65c69116c9ac2cfa370719af04cf206050ce08b9c5acfb0d,368,8595,9056,736,8320,changed tokens,8320,8963,8227,736,AppendCharacterCommand,339
VEC,vec-default,1.0.0,29d9dee4846c6fee65c69116c9ac2cfa370719af04cf206050ce08b9c5acfb0d,368,8595,9056,736,8320,changed tokens,8320,8963,8227,736,BackwardCompoundCommand,5519
VEC,vec-default,1.0.0,29d9dee4846c6fee65c69116c9ac2cfa370719af04cf206050ce08b9c5acfb0d,368,8595,9056,736,8320,changed tokens,8320,8963,8227,736,DeleteSuffixCommand,2456
VEC,vec-default,1.0.0,29d9dee4846c6fee65c69116c9ac2cfa370719af04cf206050ce08b9c5acfb0d,368,8595,9056,736,8320,changed tokens,8320,8963,8227,736,PreserveCommand,736
VEC,vec-default,1.0.0,29d9dee4846c6fee65c69116c9ac2cfa370719af04cf206050ce08b9c5acfb0d,368,8595,9056,736,8320,changed tokens,8320,8963,8227,736,ReplaceLastCharacterCommand,6
VOT,vot-default,1.0.0,f05693d86412bf46ca79606c033018d488553c30a180f3d00bee394867ad667b,55,1392,1448,110,1338,changed tokens,5000,1447,1337,110,BackwardCompoundCommand,913
VOT,vot-default,1.0.0,f05693d86412bf46ca79606c033018d488553c30a180f3d00bee394867ad667b,55,1392,1448,110,1338,changed tokens,5000,1447,1337,110,DeleteSuffixCommand,422
VOT,vot-default,1.0.0,f05693d86412bf46ca79606c033018d488553c30a180f3d00bee394867ad667b,55,1392,1448,110,1338,changed tokens,5000,1447,1337,110,PreserveCommand,110
VOT,vot-default,1.0.0,f05693d86412bf46ca79606c033018d488553c30a180f3d00bee394867ad667b,55,1392,1448,110,1338,changed tokens,5000,1447,1337,110,ReplaceLastCharacterCommand,3
