training_percent,baseline_unseen_changed_exact,recommended_unseen_changed_exact,exact_delta_pp,baseline_unseen_f05,recommended_unseen_f05,baseline_patch_command_ratio,recommended_patch_command_ratio
10,62.255571,62.255571,0.000000,0.863812,0.863778,1.000000,0.938929
20,65.946436,65.946436,0.000000,0.883314,0.883276,1.000000,0.939206
30,67.259187,67.259187,0.000000,0.888076,0.888076,1.000000,0.945554
40,68.375810,68.375810,0.000000,0.892700,0.892700,1.000000,0.947658
50,69.308564,69.308564,0.000000,0.896069,0.896069,1.000000,0.946951
60,70.014274,70.014274,0.000000,0.898411,0.898411,1.000000,0.940707
70,70.185939,70.182963,-0.002976,0.902146,0.902146,1.000000,0.942355
80,70.690892,70.690892,0.000000,0.905812,0.905812,1.000000,0.948435
90,70.880955,70.880955,0.000000,0.906645,0.906645,1.000000,0.949862
